Item_Name, Max_Buy_Order, Market_Value, EV, Eq_Value, N_Sales, Volume_7_Days, Heuristic
StatTrak™ M4A1-S | Printstream (Minimal Wear), 43400, 47110, 2531.25, 43576.75, 3, 6, 0.4824279953917051
StatTrak™ M4A1-S | Vaporwave (Factory New), 33300, 36979, 2753.5250000000015, 34205.575000000004, 2, 5, 0.6526632882882886
StatTrak™ AK-47 | Bloodsport (Factory New), 28001, 30969, 2192.774999999998, 28646.324999999997, 3, 6, 0.6323294703760575
M4A1-S | Master Piece (Minimal Wear), 18200, 19679, 986.0249999999978, 18203.074999999997, 10, 8, 0.5263289835164826
