Item_Name, Max_Buy_Order, Market_Value, EV, Eq_Value, N_Sales, Volume_7_Days, Heuristic
AK-47 | B the Monster (Factory New), 72500, 76015, 1613.625, 73114.625, 3, 16, 0.23542147613777556
AK-47 | B the Monster (Minimal Wear), 42012, 45830, 2671.25, 43684.25, 3, 14, 0.25206350319711257
AK-47 | B the Monster (Well-Worn), 20526, 22608, 1515.7999999999993, 21042.8, 1, 4, 0.16165418232242854
AK-47 | Fire Serpent (Battle-Scarred), 45000, 47631, 1439.2249999999985, 45440.225, 2, 3, 0.134498665365861
