Item_Name, Max_Buy_Order, Market_Value, EV, Eq_Value, N_Sales, Volume_7_Days, Heuristic
★ Bayonet | Forest DDPAT (Field-Tested), 17301, 18951, 1175.2249999999985, 17908.695, 12, 5, 0.40212978485898687
★ Bayonet | Crimson Web (Field-Tested), 26637, 28549, 1197.2749999999978, 26978.804999999997, 3, 15, 0.3046008734599237
