Item_Name, Max_Buy_Order, Market_Value, EV, Eq_Value, N_Sales, Volume_7_Days, Heuristic
★ Karambit | Case Hardened (Well-Worn), 82000, 89070, 4842.25, 84171.15, 6, 12, 0.5328887195121952
★ Butterfly Knife | Stained (Well-Worn), 79005, 86538, 5368.550000000003, 81778.41, 4, 9, 0.5721402126447696
★ Butterfly Knife | Stained (Battle-Scarred), 79045, 83708, 2569.300000000003, 79104.06, 6, 10, 0.32878202289834935
★ M9 Bayonet | Black Laminate (Field-Tested), 79025, 84211, 3079.7249999999913, 79579.39499999999, 9, 10, 0.40728645998101787
