Item_Name, Max_Buy_Order, Market_Value, EV, Eq_Value, N_Sales, Volume_7_Days, Heuristic
★ Talon Knife | Slaughter (Factory New), 78702, 84026, 3222.3499999999913, 79404.56999999999, 1, 20, 0.4145776473278943
★ Talon Knife | Slaughter (Minimal Wear), 65063, 70642, 3811.949999999997, 66756.69, 2, 20, 0.5544144905706773
★ Talon Knife | Safari Mesh (Field-Tested), 24493, 27110, 1938.25, 25618.95, 4, 11, 0.6785114114236722
★ Talon Knife | Ultraviolet (Minimal Wear), 43600, 47690, 2896.75, 45067.05, 3, 11, 0.5757941513761468
★ Talon Knife | Ultraviolet (Field-Tested), 36902, 39037, 1158.074999999997, 36889.965, 6, 20, 0.3803683404693507
★ Talon Knife | Urban Masked (Minimal Wear), 30001, 33196, 2364.0999999999985, 31370.219999999998, 4, 6, 0.6510052998233389
★ Talon Knife | Urban Masked (Field-Tested), 28626, 30561, 1169.9749999999985, 28880.144999999997, 2, 20, 0.42153295954726433
★ Talon Knife | Urban Masked (Battle-Scarred), 24493, 27508, 2326.2999999999993, 25995.059999999998, 2, 7, 0.7623361776834195
