Item_Name, Max_Buy_Order, Market_Value, EV, Eq_Value, N_Sales, Volume_7_Days, Heuristic
StatTrak™ M4A1-S | Decimator (Factory New), 7155, 7875, 522.125, 7284.375, 9, 7, 0.6548008385744233
StatTrak™ AWP | Neo-Noir (Factory New), 7603, 8197, 388.0749999999998, 7582.224999999999, 9, 9, 0.4953176377745625
AK-47 | The Outsiders (Factory New), 9718, 10499, 517.5249999999996, 9711.574999999999, 10, 17, 0.5419070281951015
M4A1-S | Golden Coil (Minimal Wear), 10403, 11395, 706.125, 10540.375, 5, 11, 0.5865779102182064
StatTrak™ AWP | Chrome Cannon (Minimal Wear), 10875, 11721, 551.9750000000004, 10841.925000000001, 5, 8, 0.45067241379310374
M4A1-S | Master Piece (Field-Tested), 11875, 12855, 657.625, 11890.875, 7, 14, 0.520342105263158
